feature,importance
cumulative_cgpa,0.2051483079270729
failed_courses_prev_semester,0.1240957310157935
carryover_courses_count,0.08311175942961081
core_courses_failed_total,0.042865260756556646
continuous_assessment_avg,0.03400349698394709
prev_semester_gpa,0.026954493825805392
department_Microbiology,0.018327138246657198
faculty_Engineering,0.016845028760705035
post_utme_score,0.016134414120981006
age,0.01532319526712798
assignment_submission_rate,0.014816708165263691
attendance_rate,0.01289151459688069
utme_score,0.01279244256925161
course_load_units,0.012742500344708951
faculty_Social Sciences,0.011745434776697782
library_visits_per_month,0.011633785011735391
institution_type_Private,0.011338945492331942
lms_logins_per_week,0.011300543997466259
student_id_hash_48a528b10a3447ae95556ca8f4e25ca2,0.010986613897092785
student_id_hash_62b41b1afad54ed9aa94893e4a8eb08b,0.010053574726565137
faculty_Sciences,0.010047198547792756
level,0.009520359299035356
socioeconomic_band_High,0.009507913099560804
institution_type_Federal,0.009471984624703642
student_id_hash_a60d9b5931ea47dd9f65fc316bde52e6,0.008087504315657771
socioeconomic_band_Middle,0.007554289079864152
financial_clearance_delay_days,0.00752044781260411
student_id_hash_44f76eaf068e4d619d38e03364a07d6f,0.007372471380133692
student_id_hash_52cb383c099e4c979dddaea4e49d8b51,0.0065727799584627605
counselling_visits_semester,0.005875578566979215
state_of_origin_Lagos,0.005634484732176607
state_of_origin_Anambra,0.005511054573600785
entry_qualification_Alevel,0.0051060827025586905
student_id_hash_98960d706c944fc09d2b0dfbee0f73b1,0.004972991850951792
student_id_hash_2df758f3e7bc4ba1b3715571b5d64428,0.00495519585373161
socioeconomic_band_Low,0.004831322356093724
department_Political Science,0.0047935158110871305
state_of_origin_Osun,0.00470229873568621
student_id_hash_500b5689ea20468e88f5c9a6335c710c,0.004357070033434171
student_id_hash_6712304bc8c04540bf37f761203898ef,0.004126170632327354
institution_type_State,0.004052874545181502
department_Computer Science,0.0038207850682121488
student_id_hash_f286ce8b734645feafb902c23743eea4,0.0036370779820494577
student_id_hash_fba2ecec7c8a48e58c3d9f7702e403a4,0.003632077979748777
sex_Male,0.0035551061147291135
sex_Female,0.0033865631093830586
student_id_hash_315744011cd34848bfb4c301161926d1,0.003351125192512208
department_Sociology,0.0029352641218297728
state_of_origin_Ondo,0.0029250919002148518
department_Biochemistry,0.0028932619797717245
department_Accounting,0.002826036681472133
state_of_origin_Borno,0.002754760707014949
residency_status_OnCampus,0.00273861387849973
student_id_hash_19542e5472df4207ab8a373d8c144233,0.0026175539524461223
late_registration_flag,0.002531924794823243
state_of_origin_Oyo,0.0024899770568482635
state_of_origin_Adamawa,0.0023935762179510146
residency_status_OffCampus,0.002388771935343761
student_id_hash_f3621ce0914f4a48ab56c59f4ca7a38a,0.0023497332498884104
student_id_hash_cbc00f1f6d0c453d826eb333102d91ea,0.002241332914931204
student_id_hash_604cbe7e836148fc83a21f25a04107cd,0.002230678244632412
department_Banking and Finance,0.002217997092793042
faculty_Management Sciences,0.0021650503697451546
student_id_hash_bbe6a470de4146819557c247cbc34455,0.002156399169652703
student_id_hash_bde22f33587e4bef842e61c400f3f2d4,0.002131990987563393
department_Psychology,0.0021232578623842564
student_id_hash_5e73d5be33c54057b6c08f81fb03a3a1,0.002009793944116994
state_of_origin_Kano,0.001988545307984621
department_Linguistics,0.0019663448758263802
entry_qualification_SSCE,0.0019381419612994868
entry_mode_UTME,0.001903585106121316
state_of_origin_Bayelsa,0.0018622254473419006
state_of_origin_Edo,0.0018621312135402488
state_of_origin_Sokoto,0.0017079003895252311
faculty_Arts,0.0017055319589603822
state_of_origin_Imo,0.0016937680268146113
state_of_origin_Cross River,0.001672723946387944
student_id_hash_8fcc2243600b47e282821f0bd46208a8,0.0016158399210249564
department_Economics,0.0015516757887484446
entry_mode_DirectEntry,0.0015393492892425127
department_Physics,0.0015179777765677775
student_id_hash_acd26f9f711f4eee850cf13a1f09c4dd,0.001485375405908827
department_Mathematics,0.001480638143675066
student_id_hash_8f7af6d48a904c799f0803c830097982,0.0013879393671730248
state_of_origin_Gombe,0.0013782485277215835
state_of_origin_Kebbi,0.0013583904255134642
student_id_hash_3d1eaaeb3bd4445c9e7ee3059f0ea834,0.0013355015017992718
student_id_hash_fac8ca8566ef41e1b694bbdf78f49807,0.001330038641388981
state_of_origin_Bauchi,0.0013237547349488677
student_id_hash_bc79b0544ac14253ad1cac6624346855,0.0013209176748172973
student_id_hash_2939f5d8407b421fb7d3c49cf8d518ff,0.0013063474540811204
student_id_hash_b1a059dc341e49938833bd60293932c9,0.0013061783702366435
student_id_hash_89cacd96407544c7bc04e8d9864c27ad,0.001298926297378298
department_Business Administration,0.0012905875760417052
student_id_hash_ec1f4dcdc02545d2a184604b04aca5cd,0.0012747478493046718
state_of_origin_Kogi,0.0012191541639705568
state_of_origin_Ogun,0.0011899379350919445
entry_qualification_HND,0.001128486742271331
state_of_origin_Ebonyi,0.0011208088494952066
student_id_hash_1b3116187d4448a9ba49edab0f60a37d,0.001108401655813415
student_id_hash_5bc13b3c71d4458d83ff0abaa4861c6d,0.0010396803984035815
state_of_origin_Niger,0.00098920468011565
student_id_hash_6e4d15e7b7374c2e851d142f4d1068f0,0.0009593031564292481
entry_mode_Transfer,0.0009482936206822354
state_of_origin_Delta,0.0009104469141786229
student_id_hash_f280186ef3264c969b0ea3327e4d2653,0.0009075068681239618
state_of_origin_Nasarawa,0.0008840096927152271
student_id_hash_ff5d9f64cebe424a9af8f29bb364e46c,0.0008716544094529404
student_id_hash_d60dba4c72614e608c08455f81ab6fdb,0.0008358515945567
state_of_origin_Rivers,0.000785220593695351
department_Electrical Engineering,0.0007731719115987455
state_of_origin_Taraba,0.0007659968747060295
state_of_origin_Kwara,0.0007467292728344716
department_Chemical Engineering,0.0006976689870269804
department_Mechanical Engineering,0.0006912917913491044
state_of_origin_Akwa Ibom,0.0006781815664605626
student_id_hash_20f65938d7c64823a21efbbde3253c66,0.0006439287764874891
student_id_hash_5f875f0295de4e3d8d886433c238605a,0.0006411009412871134
entry_qualification_ND,0.0006360786028643844
student_id_hash_45a375ef689c4557a46c6a1c9006cb30,0.000627483911454209
state_of_origin_Katsina,0.0006180144223445951
department_Philosophy,0.0005731162601837438
student_id_hash_0dd64e1334e54e339eb8335a6ca7ab24,0.0005384135119205642
student_id_hash_02dc1d38b8d94ef2911001e8d7802bfa,0.0005285992325772703
student_id_hash_0aadac24d02644d49cf657b526bbd1b3,0.0005274937089681376
student_id_hash_3d84afdaf0314c1c889e44e6a292c20f,0.0005249346179639433
student_id_hash_f109af53162e451aa7b0516287ef523a,0.0005166010001351558
student_id_hash_38a1dedbbc614dedb96e49d3cdb55e84,0.0005154113197125538
state_of_origin_Yobe,0.0005134098434059002
student_id_hash_dd52c3f180f442ac8e64460f7ac5e859,0.0005037788945646905
student_id_hash_c4a1750f47da49ca8bc51ec4fb3e6950,0.0004587543780546799
state_of_origin_Benue,0.0004460334357150454
student_id_hash_db0b76a6521b4c4cbfe649dc18c8dfcc,0.00044400302762217104
student_id_hash_dc7bce2bd57b497490d7c7ea8d4e07b3,0.0004431750004580316
department_English,0.00043157914107315107
student_id_hash_6ce28fcafc3e4efdb7f7ce462265525f,0.0004189825434281782
student_id_hash_cfafb6a2bc64479fb2e234958343362c,0.00041339511316151813
state_of_origin_Zamfara,0.0004108983054408888
student_id_hash_096905fa54e6441197457a50deaf40d3,0.0004064551775422093
department_History,0.0004057155769416541
department_Civil Engineering,0.0003609797754322942
student_id_hash_19ae5cdd2e174c2d92a52333dae117ce,0.00036086006879153606
student_id_hash_7d28b98fd71a4393bdbaaa711928b042,0.00034031669681750735
student_id_hash_f5a919104df74a5fa04c512d7afb6aed,0.000336138198535254
student_id_hash_1fe8690d2fc444e9bcba6581c1529f81,0.0003278813014029889
student_id_hash_da55fa698781451d9399637ee522b339,0.00032685706564082064
state_of_origin_Abia,0.0003265414365500201
state_of_origin_Enugu,0.0003253614835852277
student_id_hash_a309417cd7104de7a449bac47bcfd855,0.0003211668663869806
disciplinary_case_flag,0.0003194899289314226
student_id_hash_1c755cb23879465bad07d4744b8e0793,0.0003126334788854138
state_of_origin_Ekiti,0.000301547854038118
student_id_hash_60b0373f395c41478d8b54ed141609ac,0.00029299835685451836
student_id_hash_b73c371577804017bbcf9e3595c24dbc,0.00029189097395399043
student_id_hash_168c44a037fc47698082dbc7984933dd,0.0002895350655461515
student_id_hash_916b7102b66a495ea1dc57265e508ba3,0.0002887666186918644
state_of_origin_Kaduna,0.000284721895088676
student_id_hash_48eafde43d80468da8d37dc58babd975,0.00026702591170341616
medical_leave_flag,0.00026569986638497883
student_id_hash_5e1169149b0745f1867c27eb63a364f2,0.000265150276005583
state_of_origin_FCT,0.00025355279390901057
student_id_hash_73343c3897cf44bc94c1c1637c6f38f8,0.00023742538429889987
student_id_hash_406820dc2cbe443ca3cceacab087b4ee,0.00022941361439969237
student_id_hash_c5a88811f4f147c68313f36eca7a74cc,0.00022462735581029537
student_id_hash_3ce77c7cc64f4f3ca92a86cd69c9e54a,0.0002180721777326262
student_id_hash_e30fb27dc7584fe5867a9bdf6d8e3cc0,0.00021407774730556396
student_id_hash_26fd69a405bc4b648afd4a4ac5261f37,0.00020321062066230592
student_id_hash_3e5866ee2bbc488f9bc6d636eba835b8,0.00019543257696974316
state_of_origin_Jigawa,0.00019009542199941896
student_id_hash_6583b0608b3b4400ad0c2ebd4f040593,0.00018086111794881515
student_id_hash_3899d7251bab481c854dd27fdaf51f74,0.0001778248359912111
student_id_hash_3803f51c98b44f8cbca9e9b05865555d,0.00017164753823425375
student_id_hash_9a5770a26a1e40abb937e04ab3d1a7f1,0.00016542176009569522
student_id_hash_a06ed84924fc441fad2b6f8d66e8d5dd,0.00016435311549640872
student_id_hash_84544a23223e48af93e226e3f9c8d371,0.00015740690972377376
student_id_hash_9774a95a0bd1403ca0fc67680af7407e,0.00015531329451881666
student_id_hash_7879eec736564785814c1c095b525f5c,0.00015088569207726986
student_id_hash_8a459a71824e40bc93b33b5e8e48c3d4,0.0001498675595955229
student_id_hash_5b25983b3db145fdb41f837b96a02cc3,0.00014975168585309054
student_id_hash_293fd716f44448a49dc418274165ac46,0.00014856768987231956
student_id_hash_e458409056d347b88484c8631b304abf,0.00014775829954100328
student_id_hash_4e67d62cb1e24bf7beb8630aedc62ccb,0.00014119989957271894
student_id_hash_e63150ae493f4ead88ca6b300623d35f,0.0001325440234601014
student_id_hash_3ee31f4eeca34977b003d8b3c4ec8a9f,0.0001320128337145942
student_id_hash_ccbd9e2b9abc49b0a1c034f96b5a7f3a,0.00012678322292512784
student_id_hash_baa36c9396c2405f8609a03b969c9445,0.00011925686665421944
student_id_hash_e8206ad722e24f189adf0dcdcf010bde,0.00011817495912153531
student_id_hash_998db15bc0d849548859a0141459bc6b,0.00011348614803066697
student_id_hash_cfcb168dda7d4c1e9701791a6f16f898,0.00011190286261476663
student_id_hash_f54d67d5908d4aebbdd9934fb5e9519e,0.00010718473477235064
student_id_hash_b735b0687b7947a88f04759b052145f8,0.00010126469711427626
student_id_hash_d6496e2d314e4401bfb7b0e4533ce80a,9.671564921071078e-05
state_of_origin_Plateau,9.502302249678594e-05
student_id_hash_d0e726aedf014b529b05874ca786bb2d,9.463850179231963e-05
student_id_hash_959f313734074c68b2d28080bc2c88f8,9.41942405653981e-05
student_id_hash_5ebfd4ffdf8d4951b67eb4265cfc2696,9.021770884085962e-05
student_id_hash_2e8f5b6c0d68459c9237cf732aaa60f0,8.786717958125439e-05
student_id_hash_7cc7694941ba40f5855c94c793738253,8.011817883203063e-05
student_id_hash_dc2fb0ff144046aca8899108ce13ab70,7.770895484097356e-05
student_id_hash_a1fdd8eaea634a6089483fa664ba1de1,7.690844544311728e-05
student_id_hash_1324c5ed203e4910b7c33b2354b9f1e7,7.578546769442193e-05
student_id_hash_19bab747c57d482891c39962f08eb192,7.08287561073744e-05
student_id_hash_5f9c56cf618c448eb79482606da3b48a,6.693292285155098e-05
student_id_hash_4d94f11dde8443d8ae3d318d07054ae6,6.621682912442032e-05
student_id_hash_170d4fca5c2f4e22a69e78c95a01d925,6.425248086189045e-05
student_id_hash_e7939d92d198458fa2751cc946a1fe22,6.0747643228648445e-05
student_id_hash_e191339bdc3d46ce99d8854cd57c49fe,5.8689217097064575e-05
student_id_hash_87332aeed8244efba11e2769755860fe,5.8661641722264736e-05
student_id_hash_0572b46498c943d9a803e995c0dc3f0f,5.856394715100621e-05
student_id_hash_495d724062ea4fb181eb38ca7e6a64bd,5.352348831577995e-05
student_id_hash_ae2547fb13b8464e9ceb8a24f26502e7,5.343627694835993e-05
student_id_hash_7a2b8de4098148b788bc8f8b271c20c0,5.2976348887688565e-05
student_id_hash_b36c732d49434e5da3684838b4b7e196,5.225490343023054e-05
student_id_hash_b464c049802b46b08c7f2708fa6e7363,5.141692426173347e-05
student_id_hash_28b9e220328249a2950aba384196bce8,4.978927280034061e-05
student_id_hash_7251bf21241f49cc900ebb0cf2a2313a,4.8805818639183505e-05
student_id_hash_38247f8429be47419628a49babe36552,4.632670201844144e-05
student_id_hash_4fc14d68fea5465ba6ac9e454f44e7f2,4.602887321255517e-05
student_id_hash_1fc3edb5e5ad42459f5717e9150abba6,4.566210545906247e-05
student_id_hash_75a866f94aa1465ca87d732504dabd9e,4.082023377949076e-05
student_id_hash_c45f33492ae44e37ad0f03d05800f9f2,4.0765194794226044e-05
student_id_hash_d51eee5b7d5441f299ccc57cc2623f8d,3.9317634656582343e-05
student_id_hash_53ce14553a5041ee9c567660080a7c70,3.8884609151393555e-05
student_id_hash_6fea42996de94f04b7bf9bb8f9a1af74,3.85603952924908e-05
student_id_hash_3544aad772784559956c676e376a9e42,3.8008526966731915e-05
student_id_hash_254f0c3800b44aabaf5d4c2c526cee10,3.7977976923872336e-05
student_id_hash_169359c1577e41a9b130c3f97b92a357,3.7874630177054335e-05
student_id_hash_97ed9461ba514ef6bb9aa9789b263df1,3.78586354712072e-05
student_id_hash_72f030b0411c418bad81883dcef237e8,3.6822397747979654e-05
student_id_hash_7d169e5e94b84da1b1a4bb89e26aad11,3.662499606865097e-05
student_id_hash_d2aaeff3663d467aaf90c1b17bf2bdf4,3.600141730145004e-05
student_id_hash_7f1a0bde23824057b4ce83f54d037299,3.59466865893758e-05
student_id_hash_941024be18ff442bbf6cc8ea4ebeca0a,3.5129133239694114e-05
student_id_hash_35a42d69e8d34f269152596737efd330,3.454701801249753e-05
student_id_hash_473da85ac1ea415a8a88f28f5e83cbd5,3.39572420743961e-05
student_id_hash_0af290e9720b4b3781a1e9aa63e38179,3.393432670489922e-05
student_id_hash_c9fc99dad33946c88d8f19a9c70976ed,3.3350171360664886e-05
student_id_hash_0c185440b7a5413c81b81e1490fcf5fe,3.166531544812297e-05
student_id_hash_c1bedca738034640bc8c6facdbe11e65,3.1381071604070834e-05
student_id_hash_f47def394534439196adf99317220de5,3.119383412174778e-05
student_id_hash_919192822c9749a9a0c2a497919b414b,3.093733955231404e-05
student_id_hash_7bb2d4bfc6ed41559e8b38740fd37e37,3.0113172068348723e-05
student_id_hash_73a3811003e843bfa61317cdfcff70c2,3.0021464952140593e-05
student_id_hash_a2d6fad338e444ff88cdd108a87cd767,2.993911876548519e-05
student_id_hash_0aa947c6fb774fa69cf0ced29399a96e,2.9770885058230166e-05
student_id_hash_a56af83f4a474c8a8cb6e41474b72c96,2.8640900145427966e-05
student_id_hash_251e398fa86b4e5280691f7c396b985f,2.8589302411168203e-05
student_id_hash_1886603e71924ee9992dc990f8094efe,2.85256739403513e-05
student_id_hash_abb9c6648b7d46eeab70b5ab02c15561,2.8259116992373544e-05
student_id_hash_6a9cc70a73ce43aba9fa841bcf133510,2.813081980379256e-05
student_id_hash_ab4a5702156d442589c6b27a073c9364,2.7806387835489064e-05
student_id_hash_30e6ecc70b9c4d50bedbbe5f32a5352f,2.7566031807464892e-05
student_id_hash_b3f3a1b438ac48f790a432a074e6f17d,2.752192732683014e-05
student_id_hash_cb7ddd080fa949a0ba6b6d5b02d02444,2.7082937607459743e-05
student_id_hash_57cccfbaadff4c02a812bdde64ea61ce,2.7053308587673894e-05
student_id_hash_f1219355632a44bdbab0764e814a48e7,2.6907878033773718e-05
student_id_hash_4de8e78e972c4d9eb0976e8dbb00b9ed,2.6001964284143925e-05
student_id_hash_171a80d21246427fbbe466691357aca3,2.5989339016131524e-05
student_id_hash_43c664596d224d33a2fec786d2fe9696,2.5982034644295794e-05
student_id_hash_a07d3afd24bb46a3baa70276f50c4fef,2.5916618704579157e-05
student_id_hash_b271f615c5f54fcea5410ad12c5630dd,2.5518134260647774e-05
student_id_hash_48a1f76087264cf9891daa7745baba57,2.541780084306486e-05
student_id_hash_0121c6519cb44fce9fb100528ca747a8,2.5247866253433874e-05
student_id_hash_4ac3dcb66290453e8a861010be888c7f,2.5120927127498143e-05
student_id_hash_99ee44dbd03646d8b8671f1ea3542985,2.4950185329155546e-05
student_id_hash_a1809d907e69403a83c8745b271ef773,2.4865572663496962e-05
student_id_hash_ad52321b2ed84accae7e9c2b35fe89a0,2.4793664441557877e-05
student_id_hash_ef31938ded524e408396002f883a933a,2.4462248087731782e-05
student_id_hash_b7e4baf035164b2f933773678368ff64,2.4182685039515175e-05
student_id_hash_3696062eacef430b9baeb6ed058e5f7b,2.4112373125870887e-05
student_id_hash_eb55fdb486d940f18cf85a699e61da63,2.4009929662416256e-05
student_id_hash_42b03e4b71bd4204b47444abc0a4c90e,2.3908928719684685e-05
student_id_hash_632fb16c8309492fa54f2d8851331140,2.3881178786925386e-05
student_id_hash_2fda754208c140d3a8c061aaf40f2d8d,2.3688207460006108e-05
student_id_hash_19face4aa75945ce85c6b3d42182bec8,2.357932627376911e-05
student_id_hash_58d4ecfcd15f4a63b5f4fa949d3fddbf,2.3107495521879416e-05
student_id_hash_b6d639200147442fb000005ab6e0e5c2,2.2945806254564032e-05
student_id_hash_795c339e3a3c43e982da29bec1cee7a4,2.2652220061344275e-05
student_id_hash_4006f6048806471989e185ee078f6afe,2.245948781092631e-05
student_id_hash_e5a718f4d9a4493ebfec373b6adb368d,2.2317428316136766e-05
student_id_hash_cf3231ebb0d44a4e8f0386237c7efdbd,2.2285091126394954e-05
student_id_hash_b46e40eeb5a84c08b76e5ab7fab3d0b7,2.227600756377314e-05
student_id_hash_d00dda488c084568a73cd47f9eb1ac1b,2.216188386142434e-05
student_id_hash_c3b4da1650194ff79ecc0d78ba99022f,2.2032240568539277e-05
student_id_hash_5276dd15762c45c89c37e7fe08d5dc12,2.1925752648750223e-05
student_id_hash_316c57e540444c6c97ffa2d4f31bf4c4,2.1776429114912226e-05
student_id_hash_7802e945554444e99277776d9609a265,2.167053870452863e-05
student_id_hash_c8c6bfb5ed1644869002f67aabc18224,2.160928048909606e-05
student_id_hash_a461da1b808047f5b6f89e7719dd17aa,2.1490204861464485e-05
student_id_hash_3550179da9604d1e9c09327fd959a422,2.1094302045381997e-05
student_id_hash_ad1c2ebfa85a4f9f82c0b217005da411,2.093285685655003e-05
student_id_hash_656d692e99324a0d9770d8cb681b2b3c,2.0735789728145567e-05
student_id_hash_367c31b1b2b548179289a9176512d26e,2.054712117400989e-05
student_id_hash_920ad524a47a46a5a71e17b7ddf7c382,2.0527243307275852e-05
student_id_hash_4e67b4f79f7c4b139e2217c95830a321,2.0495576809257248e-05
student_id_hash_68b4aa23ef0e4d7b8ae2c71aa3e8b8c3,2.0101217348812863e-05
student_id_hash_d59c1268c70f48388af11619b7a1e5b4,2.0084949137915543e-05
student_id_hash_76352f54ac1842c8806d99e170a3b760,1.987512437316977e-05
student_id_hash_23a0ec26f16a43449bc638d0e9a03129,1.9546284000695427e-05
student_id_hash_a11c13acd7a944b6a12477dcb8665ac4,1.850066776430451e-05
student_id_hash_5f09671e8b534524ae5c8cb852e379a1,1.823198759611723e-05
student_id_hash_9c9d02ebb3e04d39a6eae601e7874ee2,1.7943522110085164e-05
student_id_hash_d12732ab27024e04b682385027102b61,1.769886820132531e-05
student_id_hash_01beb6ee510c44cd913cc623919654f8,1.766349736011968e-05
student_id_hash_b101c9600fbe4f69a398ececa6813be0,1.7564500610813667e-05
student_id_hash_dfb772a77db6496c96271c38da7755cd,1.7339692833672592e-05
student_id_hash_15387d1160f1408eacc75ae5df46d340,1.727039005232202e-05
student_id_hash_43cb778691d648a7b55175a58af312eb,1.7062490694970703e-05
student_id_hash_6a724ad8be1e4c5da72697983f3069ed,1.7035179030343287e-05
student_id_hash_bb5dd4f7b1284abb9f61221ac0631196,1.681484275450357e-05
student_id_hash_0ae00f6685774be887de8bcee2b956f5,1.647014764940028e-05
student_id_hash_e4ad9098ab5041c29fe706b161b39b2b,1.6241838121121942e-05
student_id_hash_9adbd4d80d014a4cb51555c7e1397b8d,1.6202171185584552e-05
student_id_hash_41ada55744f64d70aa972fdf228b73fc,1.617693516467973e-05
student_id_hash_b632ad6771a14ed9ac209a0fb11a8552,1.601235827472679e-05
student_id_hash_b9e8c776308344e7b350c9786c8c5a70,1.5939375672281722e-05
student_id_hash_24ff6d9f22424cc599a8cabb41e562d6,1.590868001108879e-05
student_id_hash_d9bbde6cfb704bfdb73017f8c651d839,1.58840950789768e-05
student_id_hash_7cb3f66b3f0f4775a5da843064cb4944,1.5776626813470854e-05
student_id_hash_930e3a7df09248088f0eeaab758982a9,1.5649028865152468e-05
student_id_hash_9570613f8dd4431aae92850a6befb8d4,1.5616922126085367e-05
student_id_hash_a583c5ccd1ce436da594caa5f1fbbf5d,1.5594197130832664e-05
student_id_hash_d11fe5b5906a4e32a5dcecd65663a958,1.5525181488035274e-05
student_id_hash_1dfd4df8df0f4cff8b45ac816487814f,1.53230842348848e-05
student_id_hash_ad72ded0d924406ea48d8175f1f0f5df,1.5228781767518124e-05
student_id_hash_aa06aec765214036acde39e5d434d470,1.5170373474279518e-05
student_id_hash_f40dfbf1fc274fb89e99ea4dffbc8158,1.5107516996969198e-05
student_id_hash_5224cdebfc2c410184f4d8528b392004,1.5066169045380839e-05
student_id_hash_72461aaee6404a7db78efe77bbd5549c,1.4749778317515317e-05
student_id_hash_4f8bcc8992b34ac0b2d4a3383f6f531a,1.4493307885012708e-05
student_id_hash_ba08b5d1422a4f4ba97c65e6d06c2dc4,1.4330669728247337e-05
student_id_hash_6443b5316172448b8321304e88db22f9,1.4303429278472634e-05
student_id_hash_a2f50dc3f6714c18bb2a5212af191dec,1.4060491846773007e-05
student_id_hash_559cd7993bbf43879695880c66ddfc5e,1.3975427262439183e-05
student_id_hash_b1a737866c444273a286886eed53e71b,1.387404017397115e-05
student_id_hash_23f74565c8aa432f9ac95e42e11a28d8,1.376332147752153e-05
student_id_hash_8c0dc9aa95c840abb2c0648b5be0bd49,1.3344595527604177e-05
student_id_hash_e5ec9f7738ba4a2491fb39186e9e7611,1.2013519793013324e-05
student_id_hash_aa6b7451cc954afb8e7b3a4b0d0f25ec,1.1797204364536221e-05
student_id_hash_eb9632288be545f79a77cac69cd3f8aa,1.1690059684095527e-05
student_id_hash_6e4df913efab4e7a921ba18b0d6fd4a1,1.1508100502698315e-05
student_id_hash_0ead57d27b4140e4a0a67dc24c5c098f,1.1501544469226952e-05
student_id_hash_20274e5688c445cb8fb31bb24d2af6e3,1.147943224396817e-05
student_id_hash_55871c4cf0f94f2a8441ef9b894d4dbd,1.1371992698332575e-05
student_id_hash_677a21dee04b417e848475345bffcd73,1.1292972904129992e-05
student_id_hash_ad94ccc634ea4ede94fa18c7902a3e7e,1.1277305493675755e-05
student_id_hash_6ccfac2f143b41a59d1cfc8612a32a73,1.1276823881670852e-05
student_id_hash_a5f8e2aa4a214c318223b8f7d12f62d6,1.1255415023517107e-05
student_id_hash_0bf3d9c813fc4831b40eb5aceb6fd837,1.1239888826607083e-05
student_id_hash_11366d5d767745a8a85684f61d8941d2,1.1151371466139582e-05
student_id_hash_8bfa9b47c7874ad9af32c710ccb7c76d,1.1106052536954742e-05
student_id_hash_eda7a2b2ea2346b1bcd8cdd2d09a08e0,1.1084983534656326e-05
student_id_hash_4f2ba4e118e84ab1963cc48c4e206bc6,1.1068120333805576e-05
student_id_hash_3eeb72b100e64d39b90ceb06ded4aab8,1.0996467379970344e-05
student_id_hash_ca2337145e0a46459e0a7d0a38c594ee,1.0991010632282363e-05
student_id_hash_c5a306e8886b43fdb23c788642eacc70,1.0975632257087676e-05
student_id_hash_2ce9a0ab4186424392894adbe0f65bcd,1.0912863509578393e-05
student_id_hash_0fc952fda68143299db620ad9d962df9,1.0850072988378487e-05
student_id_hash_98326b60bc6241129d350045280256ae,1.0702816484557894e-05
student_id_hash_e3f6068d0323456bb5c3a67d516bbc69,1.0684841125506107e-05
student_id_hash_f57fe1deb55f46e7aaf534188484d269,1.0648410630992637e-05
student_id_hash_0594630380c34d60a2e099aff807cf94,1.063142616521329e-05
student_id_hash_76c1bb30d842496f98abca6aadb160de,1.0563680908908068e-05
student_id_hash_de2cd86573c549639a3139dce1955f50,1.0481555119661515e-05
student_id_hash_c224706e37a04123a93fe36209ffae61,1.0450417869298645e-05
student_id_hash_3ac5dd0f85134f488e15f420b5137704,1.0372072300858664e-05
student_id_hash_4f63d5f3436e4fe1a051322100014f5c,1.0297706395217361e-05
student_id_hash_e6aa54fe01184143bb4b718d7097c0c6,1.0275239047508085e-05
student_id_hash_94a0816ecd2e458cbab7175e2ae94728,1.0220951514154478e-05
student_id_hash_a591da6602764fbca097a7a6491ad228,1.0030474944294109e-05
student_id_hash_5cb94a40397a4fe8961eb11dfe3881e3,9.852104236379144e-06
student_id_hash_3fd69387d43247eebb7670e7ccbcade2,9.654547733119636e-06
student_id_hash_a652274dcd7d495e9b1e6da52199dbc2,9.65055643091188e-06
student_id_hash_f21579a2698d4a119d2f1781075f4a0b,9.599365965918849e-06
student_id_hash_478f933f03af486aa13f2c2543093bf5,9.464586814889893e-06
student_id_hash_93803aa8281e4b5ab445251538f6c663,9.461681615042579e-06
student_id_hash_c03e7f6dd2e04033be5779d6cba17e53,9.29676579072047e-06
student_id_hash_f22af43c9495475e90a2214d9ba2fce1,9.074671840576713e-06
student_id_hash_e4211f3045bc41c18096c6dbb3d70655,9.032335660659896e-06
student_id_hash_1d741b6e2e0f416e9e073873b329b2cd,8.637992838801953e-06
student_id_hash_d733d31fc569418e927cf5cf47c14b4c,8.319445199061962e-06
student_id_hash_8a9559219e844f119621d12ec5302470,8.29607487488457e-06
student_id_hash_a43e9a8eaf7a4a11849b43740834ee6e,8.225118534455509e-06
student_id_hash_879d1c41c1a44c62ac85d7498fe156e4,7.80659213045405e-06
student_id_hash_dc96cd9b180745adbe4bedad35de4613,7.771910925161313e-06
student_id_hash_09855ca18ca14f9186241edfeb4d3226,7.686107666240898e-06
student_id_hash_fceb8156dfcc409ebe60eb2ab4035311,6.318314693809323e-06
student_id_hash_fa9df237ae92420a93b03d11b86233dc,6.278782472846335e-06
student_id_hash_fe0d99552dc7492c81158e11631565cd,6.194016754552693e-06
student_id_hash_e0f650f31ef149af9c7954f8cde38f2f,6.119782610658274e-06
student_id_hash_fd8c8b6107ea4009bc6492856548f2ff,6.10671928570167e-06
student_id_hash_c4e12481a3d54b319bb6c04c6a4a19df,6.091276504272678e-06
student_id_hash_677a5cfd6490478c84bd8db552a328c5,6.020507930824739e-06
student_id_hash_bf7fd68f2d234fd7a80e8ef19b9c97fd,6.010620042493033e-06
student_id_hash_94b68764708a462082a2366f99cd4e11,5.9565489895044464e-06
student_id_hash_d0a9a2c306764a3aaaebec76e18204eb,5.912101810766416e-06
student_id_hash_fa0699970a6a4e23a097e285bbe70f45,5.875149717641754e-06
student_id_hash_61e7c263853c40dbb4fdcd250a55e62e,5.856216889139447e-06
student_id_hash_2d64d1913db349b39d64dbab12eb92fd,5.848133450491934e-06
student_id_hash_ad0330937693462fa31847008bd8637a,5.8450418209226506e-06
student_id_hash_138a7563fbfa4fb9ab12a852766abd3d,5.836893363489219e-06
student_id_hash_4b482e0cc61b494bb5fbd490c59d3999,5.8332025886978145e-06
student_id_hash_ef4a28232b774fa18dd1e117c7802beb,5.826319582834797e-06
student_id_hash_ac018c040c8b470dba78e12af9d7ee45,5.8133176022357005e-06
student_id_hash_e95dd68140934e78bac25b38ff7b08ec,5.790346406413495e-06
student_id_hash_7cc3479e0a8546a9a1172be9d36b2f2e,5.7896969637722034e-06
student_id_hash_65d8519d62ca493eb543923f41ef6366,5.742257427186906e-06
student_id_hash_ffe51ce16b0b4816beca0582525a28e8,5.73974744166947e-06
student_id_hash_835f436778814798bf31d598dcbd04e8,5.737126578741154e-06
student_id_hash_50c630d510784a5db54be11fa278e7db,5.732467338841225e-06
student_id_hash_9f9d0ca8772243558e4dc7f1204d51a2,5.684429746249074e-06
student_id_hash_b44176da1066410a8755deceb7ea06de,5.672434913130738e-06
student_id_hash_485a0573bf3b477796c03176558bea4c,5.6577196432144605e-06
student_id_hash_a767cd3d843f4a42a7ceb404d5c5ed52,5.636718640379435e-06
student_id_hash_c63e5f409cb74c2f8aac5feb9e74fbc7,5.628710097622887e-06
student_id_hash_be8e80ea2d41416c86bd1568c60263f4,5.625977624107995e-06
student_id_hash_f951e7b4ff334e67b61fb85867c6d357,5.6253008010797846e-06
student_id_hash_8edfdd3e64b244c0abd5d528a2e8562a,5.608694425910222e-06
student_id_hash_0755b5043726461a805ffec1a672bdbc,5.60340005084474e-06
student_id_hash_9576ede0705f4cceac73ea78337030ae,5.588163871847649e-06
student_id_hash_ec554aad50a04f1f9200a3552bb4fc32,5.578942745990377e-06
student_id_hash_4b82c0f10bf745eeaaf7a94af98d5592,5.57828317538314e-06
student_id_hash_6b81a577daae4c0b8966186687bc4f37,5.576950266610683e-06
student_id_hash_85abb040a05845dca152a16aa2e82f52,5.563993702279207e-06
student_id_hash_7489e7fc502c4da4a566b3a03f28b334,5.5115917647206235e-06
student_id_hash_019fae511f5f4255982f58bb90050d94,5.5077345141387316e-06
student_id_hash_c531031fd630426c911bcacffa0468b0,5.506470361832165e-06
student_id_hash_8c0b394e336c444288335feb8b297e86,5.503738413629784e-06
student_id_hash_497deaf3824c42e4ab929163e4957e4d,5.497309121270663e-06
student_id_hash_ba3ec75ec81d4758838ade7a8feba729,5.472561577337236e-06
student_id_hash_7caabd8f92e24e61bd9889ee71ab22f6,5.468865520969524e-06
student_id_hash_a914015d7acf4d84a97ea38c978069a6,5.464790199411342e-06
student_id_hash_204a3b8e2ebc45499aca9892b12d9690,5.450784871535117e-06
student_id_hash_32a2d614e51347878edf0e1097f7c4bc,5.3996687701461676e-06
student_id_hash_e81c8a98d1274c52b23030743fbebb17,5.38795613179581e-06
student_id_hash_42782598fa454ea18ec626124a68b045,5.381596326379778e-06
student_id_hash_0b13c89bceaf459d8582524181131f2d,5.359773512819897e-06
student_id_hash_ee999ea598a34532bc10a5b7a0b17927,5.3587794929641064e-06
student_id_hash_91647645ea364070a699c90b0cca5737,5.344197409230083e-06
student_id_hash_421bc07df3364ded860964a5acba0729,5.330354963807706e-06
student_id_hash_30b6f624f297417cad46c6eb3a3ac066,5.318396661764444e-06
student_id_hash_3a24475393874c8ea4b4660d69b59f4c,5.315511922009157e-06
student_id_hash_cf91ceb4b17a4f1487e10a22bf0a572b,5.310553311030746e-06
student_id_hash_8dd3c622c8624427b32b1c1a7042d66d,5.303195157838662e-06
student_id_hash_c0f520df878848a59a6a33b78ba9daf4,5.303145999931919e-06
student_id_hash_8bd411f143e44fdc8551d6171ab287d1,5.290977657924886e-06
student_id_hash_cda097edfc114af5bce651535a31d077,5.290712849787769e-06
student_id_hash_dc925fddbbc14077bae0f469a7dcec1a,5.279594896443363e-06
student_id_hash_af2e9a26635242f18252bdb808165ce6,5.278943069742784e-06
student_id_hash_49b6d953574241b8999ec9807df8dfaa,5.277653513158655e-06
student_id_hash_c50d91e5a23341a9b9afdc6ae7cf60f5,5.2166382988288945e-06
student_id_hash_bc5dc586a7b349c69c0d591d0071468b,5.208360514897522e-06
student_id_hash_e6500f7ffed1424b8dff6394ff6acd5b,5.192786938921859e-06
student_id_hash_9f6c510f6bbe46a48ae03a9788a9bd16,5.186211784339254e-06
student_id_hash_6c79ef8608fe44098a91c8bdc3a5a365,5.1857095595789655e-06
student_id_hash_7bcb6d89e0f94309a6940d6a7e19b062,5.177718099084829e-06
student_id_hash_72d7e519fc8d4ea98c1f559dc2bf3f28,5.1603035623484325e-06
student_id_hash_5ce76737f1bb4aefb7ab631028a127f9,5.100198488970139e-06
student_id_hash_887bb3660acf45d8ad4e9d90095ce53a,5.077151880014638e-06
student_id_hash_c4b760e59c584548908fd1e02d19116a,5.068594255352123e-06
student_id_hash_59caf909238b45e3b961c45190089924,4.925815519344817e-06
student_id_hash_48e0c345d9d2448c9c5f8b412e371d40,4.838980121388598e-06
student_id_hash_dc69540c4f0948a0b26380f297b01903,4.8156385498369804e-06
student_id_hash_8ae09bb5c0bb4336bf51ec9e8de3ae93,4.769548274208528e-06
student_id_hash_61edabfc02ee4da795d384513b50bb98,4.69326753594474e-06
student_id_hash_f5524fe5442c47babeaf57eb429bc481,4.636342567578126e-06
student_id_hash_a2f4a4436cd649e39fe758f965753b92,4.6044540270000296e-06
student_id_hash_b2a549cf2c5e43ed90d6e15bb26ee428,4.592731028518072e-06
student_id_hash_1a21f130bc15406499feb8c90db98e81,4.577279571875236e-06
student_id_hash_70d80bdbc8d14a59b7100295f99d360b,4.441128924621158e-06
student_id_hash_9fce30d6983449e0b2224191c0fb7856,4.4122105000307755e-06
student_id_hash_1fa8f437b2624d79a5112a5e60165ea6,4.26208642487538e-06
student_id_hash_2008071dbeb746baa602bfa1f300a048,4.221777318405136e-06
student_id_hash_3a6910416dff4df48adeaf906e4f9481,4.164975387536877e-06
student_id_hash_ff51ca3d5f244c0bb674bbf698fe0ce1,3.691468621167779e-06
student_id_hash_c7613fc1e66340c18579da64605f1eb8,3.670973133057027e-06
student_id_hash_7bcaa5c82bf547a4a13351590c0de0d3,3.2275973452794834e-06
student_id_hash_02d0cec1c5c7413f810e48083b94c61e,3.1449933792170198e-06
student_id_hash_4c7c110b4bec42fab158b9988d4af7b8,0.0
student_id_hash_4d8b0691875b4b848934783de0c0ce33,0.0
student_id_hash_4e55c906e308492590bf2cd2c98ed731,0.0
student_id_hash_4ee8e196a02d4e64933ed754f1e89292,0.0
student_id_hash_48e5f38bc30642589146ec18fe284984,0.0
student_id_hash_00c7dc2105164db2b472c21fc01a0a88,0.0
student_id_hash_00c9c36ef2d24ea69840fa0f30c9af1d,0.0
student_id_hash_01228a4d7ca144ab9766e44619a660a8,0.0
student_id_hash_016168c7d4114bdf927d5fd4321bf9f7,0.0
student_id_hash_017dec07160945e8a8b7160d32ca4152,0.0
student_id_hash_01da712c0ee94cffbe28329226a72046,0.0
student_id_hash_021aee68eaaf4ee596679e234104fcf4,0.0
student_id_hash_4b5221ab532e48f1948df1d493fd818c,0.0
student_id_hash_4a59787c34c1431c858e500c226e8736,0.0
student_id_hash_790186aad3b84deb876c7519d27c456c,0.0
student_id_hash_790b25d5d5de4c189bcc5444912b68ff,0.0
student_id_hash_798f7d89f0c34b3b807b406a51a4dcb6,0.0
student_id_hash_7a0849a5c00548309b975a680579d0dc,0.0
student_id_hash_7a4174811a8a4831b16d32abf2b3713a,0.0
student_id_hash_7a4ea53ef59648f2856ce1895d2382cc,0.0
student_id_hash_7ac1f0e814e041af86163f0e5239a3e9,0.0
student_id_hash_7b74dfa2d2e54c3f8cfa6949ef19e155,0.0
student_id_hash_7bb97e6b8dd54ee19d6ebe661445f494,0.0
student_id_hash_3fd1c8ceb1a64d0eacb9c35a0bac7ddd,0.0
student_id_hash_3fdba132068b41ab8df16a23d62c7b13,0.0
student_id_hash_73f9d36bfd39478681a7ac25bd3a4556,0.0
student_id_hash_746a613d033c4727866f1ac2d0ddb1fc,0.0
student_id_hash_749381567f47443d9fc381f3902f58cc,0.0
student_id_hash_50c7cf0bf57f49169b9a1dd3f1ea8c96,0.0
student_id_hash_72398bacce6642d7a9d22108e5fb0637,0.0
student_id_hash_7340ba5b91384658acbd80e730134b4f,0.0
student_id_hash_3ddc284e6cd7471994f8701ebc4e5dff,0.0
student_id_hash_7e21354b27134fa0b4ebd4857b12eb65,0.0
student_id_hash_7e57a6ea245148c1b898bc728f1267fd,0.0
student_id_hash_7e64a4a02b134aa8959a6828cf7b2fa1,0.0
student_id_hash_7f9aa00c150c4c24a862fef4d24ed6a2,0.0
student_id_hash_7fbee4449dad4be4991e96f449dda165,0.0
student_id_hash_8025a0bae881461aab5ab9ac9d683dbf,0.0
student_id_hash_8033c67bd96045ed9d618d459d68724e,0.0
student_id_hash_81688a38537c42968c28ab17454be24e,0.0
student_id_hash_81bb695259fc463ebe26dfdb3259cfd6,0.0
student_id_hash_76fda7c2944c43ada6b59cf49efea13c,0.0
student_id_hash_782097d4d8f8485cb6cb13b8bea8b304,0.0
student_id_hash_782772afa6b84374873fa88dff5a7280,0.0
student_id_hash_784029b572434f9d81c2ed5fe2159565,0.0
student_id_hash_87eb81eb29ae4958b9585e65ca880b9d,0.0
student_id_hash_7cad8aa5e6db4e85b911cc249f2aa28e,0.0
student_id_hash_7ce4d70eb2cb483f99c47b0fc5747d6c,0.0
student_id_hash_7d281f325f334fb7a82c8fb7623ab43d,0.0
student_id_hash_7e1f4d73b84d464c9b60b160fca628cc,0.0
student_id_hash_7513947c57fe40149d2165c020b96a36,0.0
student_id_hash_754fecc2eb4d48958de9bb45fa083761,0.0
student_id_hash_75641b1d5e9148198b24c49eff19b9ed,0.0
student_id_hash_75c43384e7f44649b56ccd393637f7ff,0.0
student_id_hash_75fa20528d3c4d2ba1fcaed8881efff2,0.0
student_id_hash_7637a37cdfa641729d16982d7e156fbb,0.0
student_id_hash_76390027c2304e32a545c0be1864d661,0.0
student_id_hash_76b21b28091748179e554dd4c0d66889,0.0
student_id_hash_76bb5becbdeb42c5963195135b2f53a4,0.0
student_id_hash_71c302e24a114411aaa5b5a1980919d9,0.0
student_id_hash_71da6fac87864bdd94936842e5dd0d05,0.0
student_id_hash_3c57f1a45a6646d38f9ba9ee1fddeba2,0.0
student_id_hash_3c92bcd5ebec449798974c478bcf8a5d,0.0
student_id_hash_3ca8f62286e34687ba350117596fbe8d,0.0
student_id_hash_3cb39930764c40508503c0191c2aad26,0.0
student_id_hash_8287175e891843958a01479c99fd43f5,0.0
student_id_hash_82c593bfeefb4597908376962989e538,0.0
student_id_hash_82d8bd5fcdf24fb69c00a8f69ee5f1fa,0.0
student_id_hash_83689e80680d4d5da94d0feace709726,0.0
student_id_hash_83c7fc9ec77d44c6a180381731e21469,0.0
student_id_hash_83e11d8e1e714f6a972155f9cc6816c2,0.0
student_id_hash_84391f49f5fe47b8b1da29b67e460178,0.0
student_id_hash_847dec9f2fc44c148845fe8e052a1791,0.0
student_id_hash_858adbe3c53b454a9229f6c6ca449c3b,0.0
student_id_hash_866d599085ca44258d757ca1f3818170,0.0
student_id_hash_86df358827cb4b16b97fbdf4cb51046e,0.0
student_id_hash_8758ad2977444409ae3a461635e21bb1,0.0
student_id_hash_6e67fe161d5e41cc8dce2e2b733b9717,0.0
student_id_hash_6f20212b4abc4d7883f079c850f62c44,0.0
student_id_hash_6f213fb70e6c412a8de25054d8b2ef93,0.0
student_id_hash_8bfe15f7564a45539e397a7c7cc5c8f3,0.0
student_id_hash_8d12967197374a47805d7a053b065c7b,0.0
student_id_hash_8e1fb70924f64d6d8f01b9027312c5c6,0.0
student_id_hash_8e46e9f775d44b82a77c227a27a1926e,0.0
student_id_hash_88904c63b45f4fb78d45c1c9dab8f8d7,0.0
student_id_hash_88b074500beb4b25ae68c5d995ee08e5,0.0
student_id_hash_8a3087a187334bceaf50797a7b7bdb84,0.0
student_id_hash_3a2857f150804bbb83838547bbc1a0b1,0.0
student_id_hash_3a6deb23d63e4a839ab3f546d14980ad,0.0
student_id_hash_3ab5dd361e7c485ab8af7873b19fddab,0.0
student_id_hash_3abaf5fe8f374d2bb751f4c7487954f9,0.0
student_id_hash_3ac90890b26e415da2d2101ea8d1aa0b,0.0
student_id_hash_8a8e76d7bc7e43f9959c40fdd6963c5f,0.0
student_id_hash_8aa0dbe391134c2783bad961714c91c6,0.0
student_id_hash_8b6674c6308a4552ae3f20643fce391a,0.0
student_id_hash_8b9248117c954c4888b568813c163442,0.0
student_id_hash_3e00d59e7e0245e28dc931c4d8a86063,0.0
student_id_hash_3e13c2086a03475e84c970504a78b860,0.0
student_id_hash_3e6894628d9d4fdda77869b031d94437,0.0
student_id_hash_3eb1a1ccb8f34b37b86a2889d22e4012,0.0
student_id_hash_3ee4ac4e26e84233a90e87f90ab5fdff,0.0
student_id_hash_3f4a4f95b8f44e3c8411c07034cde90b,0.0
student_id_hash_3f561d8bf1d54745b9791ccdef9df04c,0.0
student_id_hash_3fc0f20f36df47699eeb44310ebea93a,0.0
student_id_hash_6ce39e455e204e798a5f3acfc06f8876,0.0
student_id_hash_6d0a4357ca31462c94f1eeae16b29924,0.0
student_id_hash_6d78ba0fec9a443c8c5c249bed3f2639,0.0
student_id_hash_369609194a7441e38d4303afaa83f449,0.0
student_id_hash_379531ba878b4773a135ae1feba840ca,0.0
student_id_hash_37a63a1cc57544fd9ea4ca7c6805089b,0.0
student_id_hash_8e5ee640cb0d4f85b6c49a4effd63302,0.0
student_id_hash_8e79ce13a986469199eb669a03f85cf4,0.0
student_id_hash_8f6e1725ce7f48b6b37964d8ca755d77,0.0
student_id_hash_8f704bb38ebb4cb29007044c6c11f7b3,0.0
student_id_hash_8ff61873d405465ba84cfab0d8046ef1,0.0
student_id_hash_9032d4bdbaf04a2b94bcf337e9f086ae,0.0
student_id_hash_9085ce359b124d1dbf83b9f43853a118,0.0
student_id_hash_90a937cdb1f646888958ec35846b8d3b,0.0
student_id_hash_90dc67684faf478780fc6a3eadbd2016,0.0
student_id_hash_92e99c8295f542b1845ff3d06af5eb78,0.0
student_id_hash_9371e9a99a2f43d480fa31d5408a12e8,0.0
student_id_hash_93744b2fce5f424892c00791fc3a277d,0.0
student_id_hash_3dcb9dff77574d02871ddec81093a47a,0.0
student_id_hash_9869f4dfbacd41338aa5bb53e97d7fc4,0.0
student_id_hash_98db2b3ff0d34084a0ada4fc06211ee1,0.0
student_id_hash_993be5642f3d470e969578d7cebc7669,0.0
student_id_hash_99688efdb7e14b1b80f7271a74930862,0.0
student_id_hash_996dfa67385d45c6965867d697e09cba,0.0
student_id_hash_99ad0f6e0cda408d83c121210d441dfb,0.0
student_id_hash_9c43ad7afe0246d0a71332fa4a2cb3e3,0.0
student_id_hash_93a9f63341a74ab39bad8535b66a947d,0.0
student_id_hash_9427bb5cf8274828a26a44dafa224cd7,0.0
student_id_hash_94582457ed564869b0728d54e9a5a8f4,0.0
student_id_hash_946accc70cf04cdeab05ea77eb5e5473,0.0
student_id_hash_9502e8055dfd437a8481112af5d3a996,0.0
student_id_hash_35f4d9898e9a4e88b7ffb2ce893f66b1,0.0
student_id_hash_3628548be8bd4c83a6e92fe6252f951c,0.0
student_id_hash_36396434ce5248e7b04c4466a8862cd7,0.0
student_id_hash_3664e1fd5a09424195fc92900fe36b60,0.0
student_id_hash_9ee66667f5e342d1adb2b5ace9c59f6c,0.0
student_id_hash_9f05e3796be446bf9f47db0e469e953c,0.0
student_id_hash_9fe5dc9e10404848bfa1c80d3e3288f7,0.0
student_id_hash_a112cd71c7064ac0818ad1846dc065a6,0.0
student_id_hash_a18b797bfe0446929b94bc045ccd4b05,0.0
student_id_hash_a26d76a4cd3c463ca020b173bf985949,0.0
student_id_hash_a29bb489fd724b4ca825eb8b817fd374,0.0
student_id_hash_3885ea1a16ad44998c0de09e3b6e6ff4,0.0
student_id_hash_397cfafc2236429e90dd00a97e7b3c69,0.0
student_id_hash_3a08d31fe3374ff5ae8c72062fd765f6,0.0
student_id_hash_969ee5f824ec4f73af5a4723409d024c,0.0
student_id_hash_96e8f37fc9444684850bcfaeced5d059,0.0
student_id_hash_9723b7a6514d492faa224ffc2ed4d867,0.0
student_id_hash_97d8c8962efc4ae0a1b56a54d24346ff,0.0
student_id_hash_97fa155d6fb641b095a022c049f180f3,0.0
student_id_hash_6944b273202348a3b8fc19882f10e3fa,0.0
student_id_hash_32d06d96d6f744c19a7d5357c3671515,0.0
student_id_hash_330ba6e7a92748579cce7b6a7db50da7,0.0
student_id_hash_3343be67c7bd4c46859c8de0b543bac7,0.0
student_id_hash_337c0b314ccd43dab97f256e6bc8cda0,0.0
student_id_hash_34071db8d925408887b0f81697a75106,0.0
student_id_hash_344159f914be40a28cf061e4c0fca4fa,0.0
student_id_hash_34675c8413a9485fb7569819f5e0e3ff,0.0
student_id_hash_350d63acca5645aea025e899945197fe,0.0
student_id_hash_3571f83f9e16464883f692c3bd4d56b0,0.0
student_id_hash_9d638c025a404a4f8d83539fc1a4b9b7,0.0
student_id_hash_9d8857990f6e4bb59758c16e24ed839d,0.0
student_id_hash_9dc52ec7795b461a9afafa48e92c719d,0.0
student_id_hash_9e5078ab9cc047cfbc6cbf966f03254e,0.0
student_id_hash_9e509631578b4b0a903d279c9de1acd2,0.0
student_id_hash_9e99ed54d0f348aa98e29bd7b220a61b,0.0
student_id_hash_a2fd69c1d8fb426399d67177c3adce4a,0.0
student_id_hash_31f8a07a09ee4059bd9c54d9f562f04f,0.0
student_id_hash_3212b5f58bec4361baad70e3d40c9b75,0.0
student_id_hash_6f59f5e91343403681629e98f5774798,0.0
student_id_hash_70144e403f184b13805039f51e6b9976,0.0
student_id_hash_70a4aadde407402a8662ef58ab172f50,0.0
student_id_hash_71594a5c597d496d807a44b5324e9ec2,0.0
student_id_hash_71a8c1fa1cc84adb88d12dde311191a5,0.0
student_id_hash_71ba0ea92c4248d382029ae6f432c1ee,0.0
student_id_hash_71bb08aa2709463185a2b37ff4452592,0.0
student_id_hash_71c0510a440647c69d3ea7771b02721f,0.0
student_id_hash_662f16fe6cd248f0af20b7871c41d51e,0.0
student_id_hash_678f69ce94f94bde809a35e8ba697829,0.0
student_id_hash_67d5a67cb7134617ad41ff9731ffe29d,0.0
student_id_hash_68aa344ea7a947fea3813fbc3a7f901b,0.0
student_id_hash_aaf87505275a41ad9f09dd75ab624164,0.0
student_id_hash_ab5785ace295427a9c080e94932dae80,0.0
student_id_hash_ab9e65e8f69544fb97ecbdd7de39d055,0.0
student_id_hash_ac4f23e936f548eca552bbeed5b106fe,0.0
student_id_hash_3574e4b9710646a2b5fa6785bcf2d5d0,0.0
student_id_hash_a4779d41f31142f19f093a5a2366b381,0.0
student_id_hash_a4bf3648d6694fd8bc81f683f40ea4b1,0.0
student_id_hash_a4dffbfab4934898978817eeba2270a8,0.0
student_id_hash_a505c612d1f7422b8bed3f4c855dd50e,0.0
student_id_hash_a5828c7653b640a0b766707f69032878,0.0
student_id_hash_a6590aadf49c430a94cdab4b0486b750,0.0
student_id_hash_a6cf539ff9ea4e69bb1e4c614b0896fe,0.0
student_id_hash_a6f164ad874640729b67899be28e83e4,0.0
student_id_hash_a75e239991ba43358ef1adbce5fe7783,0.0
student_id_hash_a2cff146487249c1b28734e40f10c2d3,0.0
student_id_hash_2e8adcb015ff474b9aa247aa21a1eda4,0.0
student_id_hash_2ea7b44b638140789536e9ce312b2994,0.0
student_id_hash_2ee8253330fe42898a84f008884eafe0,0.0
student_id_hash_2f1b81e3344a41009b7902fd9d9dff95,0.0
student_id_hash_2f715ff00e9a4004b8a7df5c2581176f,0.0
student_id_hash_2fbeca8170cd4b53ac8ec507541eaa0b,0.0
student_id_hash_2ffe35ecea174106a0d131c205ea0d27,0.0
student_id_hash_3011751c45d741e18ded1bb6816b2e9a,0.0
student_id_hash_a78facb88b374713bf2f98bbef48d8ba,0.0
student_id_hash_a7936c77017b4d978e731c9c7b2e1d57,0.0
student_id_hash_a8002c11d2744f75a20a3933f2968095,0.0
student_id_hash_a96c3e03cf6841e481e3661a546e0d16,0.0
student_id_hash_a9e5322c134245ae9a765a7b8804a0fb,0.0
student_id_hash_aa362a8fe7f74e8db40fd3cadb772fdb,0.0
student_id_hash_aa3718e466c54b14914f7c2aea1b38ac,0.0
student_id_hash_aa92ded41e344de080f15214b6d176f1,0.0
student_id_hash_ac64a9e2b5584fbc8a9cd8c0c3449550,0.0
student_id_hash_acdf1dc8158545998b84b2d13793cd02,0.0
student_id_hash_acdffcafc9624c45a869586c596bb522,0.0
student_id_hash_adfef4c2cc43421387252d1a98d26314,0.0
student_id_hash_69a2bcaea7894e41bfc878700c9b8f6f,0.0
student_id_hash_69ab9ddb5788400d824de23d7f168c7a,0.0
student_id_hash_6a3f1f6f6bb84caa9823769a9e62a140,0.0
student_id_hash_6ad77eedb2d546c8925c62573706cb7e,0.0
student_id_hash_6b7363597c92402b9785a18ae6a94875,0.0
student_id_hash_6c5a5057a2b346df9bfa41693b3e4079,0.0
student_id_hash_4290ea54afcd40fa8b045a227f7c9df4,0.0
student_id_hash_42e51f21ff624adfa224c253d4d95732,0.0
student_id_hash_42fdc537c39e4ff0bd4f49a398a3be26,0.0
student_id_hash_625f120011fc49f697f605f848335f67,0.0
student_id_hash_ae354f5d20a24ebea5f5d63e26d6ffe0,0.0
student_id_hash_b8759e0c2c444b7183aedad3751e418f,0.0
student_id_hash_b8bcb92d11b846eda5b903baf1acdd51,0.0
student_id_hash_b8e650b2a7d640b2b1a7825b4aae7bcc,0.0
student_id_hash_3065a86dbcde44e48581c734dab0a565,0.0
student_id_hash_31f66931472c4c34b309a3317394a90c,0.0
student_id_hash_ae8ed9f59306491d8cc3062c1307cff4,0.0
student_id_hash_aed896e97ce746a680c232f74d83df63,0.0
student_id_hash_af3cb364a944462f8cd940ffe371cd09,0.0
student_id_hash_af488866260e48a1aecfb6b9e5955d75,0.0
student_id_hash_af53d55a0ed84757b3abe6fce51a48ae,0.0
student_id_hash_af5f5ddf8f694b2d9e6333c95af2d82c,0.0
student_id_hash_b23e70542b8f42e5b311024e0e2fe744,0.0
student_id_hash_b27dfe19ffec47acb1a9e848fa75fb84,0.0
student_id_hash_b2b9c7a64c2d4f758407a5b0d21d513b,0.0
student_id_hash_b3dc70450ff647abaaa7e213c3f36526,0.0
student_id_hash_2a6bf570d3ab404c964feaf22436e4db,0.0
student_id_hash_2b1d09961e2d4d5ea97f728b10c18998,0.0
student_id_hash_2b253255960e4f5581812f6863a13bba,0.0
student_id_hash_2bd9bd5f98524512b70685a1aea43990,0.0
student_id_hash_2cb7c0469eb54cc1bed8a72647586a40,0.0
student_id_hash_b48b6343c321427fbc30f0dbe2cad180,0.0
student_id_hash_b49b4db95e374457b455a78680593730,0.0
student_id_hash_b4af1df74fae4f34a4d17c59567000d3,0.0
student_id_hash_b4cb92c14f8943bca20677e9929646e1,0.0
student_id_hash_b5dcc6f0d3c241b09bbc6406a37e5f37,0.0
student_id_hash_b631aea1a9144fa58314c5a4fe13cad3,0.0
student_id_hash_b64fb5c36e9c4f0eaeb642f4af534263,0.0
student_id_hash_b652e88e46394b5fa48419d92c950fc8,0.0
student_id_hash_b77eb9d11a104bdab25d00b5c82fb11d,0.0
student_id_hash_b7add096364740ebb440ad28159eaff4,0.0
student_id_hash_b7d1c045848e4ee3b766437350119c71,0.0
student_id_hash_60eece21128d4588963c83dd08644d75,0.0
student_id_hash_6180c858947842bf8d716e250f2ed66a,0.0
student_id_hash_bd43a57fa6c440feb6cb4e70b80e5960,0.0
student_id_hash_bd764f6f9ffd4dd48659d926ef2e1662,0.0
student_id_hash_be056860922949ca973f4219cfcf25e2,0.0
student_id_hash_be5cb1572b6149409926a8938caca0fe,0.0
student_id_hash_befb8b9eb0ad4241819f4e1559df71a8,0.0
student_id_hash_bf44f5395ce44984ba364b87d3cde841,0.0
student_id_hash_bf9acfa765a14fa686acf7ab84c452d8,0.0
student_id_hash_b98ff5746cb7436bb7d7924aa171b32d,0.0
student_id_hash_b99cc52b43e946e2b690681767c175a7,0.0
student_id_hash_bb79cb0b14c7419b98dd841296cd067c,0.0
student_id_hash_28c0732b003b4253b745c6f30ccae669,0.0
student_id_hash_294a19293c8340bc92daa272810b62e2,0.0
student_id_hash_29ff829767d94f23b8e4bd9321461459,0.0
student_id_hash_2a2050aa0db24757a35f69e27e41e481,0.0
student_id_hash_2d9cb15a6cdd4c6a803e2dcba80a9483,0.0
student_id_hash_bc141f9682d8491cb4e3da02aa9ccf11,0.0
student_id_hash_bc3bfcf27ca84b3e9760102a46507d4b,0.0
student_id_hash_bc9a3e12df9b4e0e9b24ceef4f2afbd4,0.0
student_id_hash_6309e4c6f3854346bfd2a8ced93a719d,0.0
student_id_hash_6432285624e84b29af8a0c2c0b4b22e9,0.0
student_id_hash_6455ee7518804dfbbf19117e450ec461,0.0
student_id_hash_648954f3b38d4fbd847789526219be94,0.0
student_id_hash_64eb5abeb43049ac8bb6e926c5166303,0.0
student_id_hash_653ea92aa94f402eb7846b202a8ec9e1,0.0
student_id_hash_661eb6706ad9466f9139dd28f45a7df7,0.0
student_id_hash_60482d60bec64b7fbffd8cd5b08b533d,0.0
student_id_hash_605d5cee4db44e45ae8a98c5637b654b,0.0
student_id_hash_60803da482554773a56c65f0d7789792,0.0
student_id_hash_6096d4db53ec4b13b90014d8437c6a9f,0.0
student_id_hash_60c77e52c5094e8996853fe2dce52f49,0.0
student_id_hash_50e28733cdaf449c84707d50d7686f86,0.0
student_id_hash_c8404c1f5b444a98a4a47c93e177fd60,0.0
student_id_hash_c87f6e7aa371492eb5d37ca63bc40cae,0.0
student_id_hash_c9a235134ca84fe79ca95e2c7bfa5c87,0.0
student_id_hash_c9c1423127084e7e80c022257fc37075,0.0
student_id_hash_ca54bbe3a7504eafaaace30286006538,0.0
student_id_hash_c07afa34ec25487ab4835242939a3b66,0.0
student_id_hash_c091906b989b42a09ab99723e4c2a4de,0.0
student_id_hash_c0a98cdddbec4435abfc391ad9b35fc4,0.0
student_id_hash_c113baf1444e4ff4870e60b08c011c9b,0.0
student_id_hash_c11a3468e4244fa996b1b188e3900f49,0.0
student_id_hash_c2b671aa563d4693ae2e55d72a1c12d2,0.0
student_id_hash_c33ae4ac44ca4d4581e5a2ec682a32d9,0.0
student_id_hash_c42ac1ca42f849dc86ff8dd77e7d7199,0.0
student_id_hash_c4dfd03f408e4006b76e5b949e8da308,0.0
student_id_hash_2d3aa69094254940aeeae80f3b658a4d,0.0
student_id_hash_25083bdc182e4e3f9f1b3c1a98ac4a0e,0.0
student_id_hash_2581857434aa4c42a6b889cb72d6d7e1,0.0
student_id_hash_258ca08fc61441d9b0da571acaf33b23,0.0
student_id_hash_25aaae0eddce42a69adb9c0dfbcbed9f,0.0
student_id_hash_25ab103faccc456db97309f452ac7b16,0.0
student_id_hash_25b5ac481df44450bc38926fdf7dcba7,0.0
student_id_hash_25dd80bbc09746d4bd5467d8c6dedc2d,0.0
student_id_hash_27167b5a41004bd7a0a4e7af04330166,0.0
student_id_hash_2738a66d58b8497f96db131ac8a23a6b,0.0
student_id_hash_c534c5bdca7947d588f2d315458dbf19,0.0
student_id_hash_c5b63cf6ab1944d88cc8a8b3923fcd45,0.0
student_id_hash_c5c209df17ba4399af8d256eb8c00700,0.0
student_id_hash_c6450f35947249f8a51946114bf3ee8b,0.0
student_id_hash_c6872371920d423a92ffa11c7a79e6c0,0.0
student_id_hash_c709500bd7c54b50a43023f68a79856d,0.0
student_id_hash_c719681b7e834448a635fd00f7d25b23,0.0
student_id_hash_5bdfcf12c1a646409155da55e2c20aeb,0.0
student_id_hash_5c2f6f14a6534d4cb56ac6badea326b0,0.0
student_id_hash_cee89b08c24a4dbca16200117d0135b8,0.0
student_id_hash_cf3274cf7e5540a59178f1453fa11fca,0.0
student_id_hash_d01aec930f804dabb84f936cc3bd2ab6,0.0
student_id_hash_d037ac185210476e883aab227d57324d,0.0
student_id_hash_d086f0d38fcf4a17bc1600f9a810b79e,0.0
student_id_hash_d0870dccb57c4ecdbd942a9d38899ae7,0.0
student_id_hash_d0929753b9ac4badbf1692030356e6de,0.0
student_id_hash_d09564aebf904ac383aa8d650e7e05b5,0.0
student_id_hash_cb907b3119a34bd5a6e6784236a3ea0e,0.0
student_id_hash_ccca0c28d85a44a09f1a48e0052e1a51,0.0
student_id_hash_cd26d13dbe50460980fbd82680258189,0.0
student_id_hash_cd27442bac634e1dbb1719f8f75781cc,0.0
student_id_hash_cd34dd8740f444c691ab2d34034b2e09,0.0
student_id_hash_cd66091fda7345a0b45185ee5323450f,0.0
student_id_hash_27afe9c44e3545278025b536693d7d54,0.0
student_id_hash_28728e2a6291495cac6fd0c7b3737637,0.0
student_id_hash_ce0772b79adb45ffb364bcfee1a5e2e0,0.0
student_id_hash_ce550d4336cb4b3089756c2f1720aeb6,0.0
student_id_hash_ce8c895eb9854679b24f7cdca485c8ae,0.0
student_id_hash_cea7243145f34a7298102bbd2599aa71,0.0
student_id_hash_4029f7d3bbea4270a087ccbe52adceaf,0.0
student_id_hash_40c71811dd484602a4fcaa5452307216,0.0
student_id_hash_40ce34f97bb8416e8a26126a63610c81,0.0
student_id_hash_40f705fca7d14ddd81573e409b3e2a03,0.0
student_id_hash_413afd51e5bc4298b7a12093b2a6aa5c,0.0
student_id_hash_414a197a4bed465c9c3fa8041732c5cc,0.0
student_id_hash_42140b5575504fd3a789757755fd9ac1,0.0
student_id_hash_423c848361094801b114f36640143ae5,0.0
student_id_hash_5b58663ea8e44f9780b933963f49aa24,0.0
student_id_hash_5bad0ea7f01448a380efe79a21b4cc2d,0.0
student_id_hash_20c495cf8e2d4506a60b6623b2558d00,0.0
student_id_hash_20f959cb97f840d3b0fc14624dd468bb,0.0
student_id_hash_2224ba5a5cf04cbba22d2a7cc4151172,0.0
student_id_hash_d129eaa983c941c0b887b14e024269ae,0.0
student_id_hash_d1b15e917aeb4181a34a152c4c2569af,0.0
student_id_hash_d215ed3902634df2a4e689985b00e7ad,0.0
student_id_hash_d2295fdf96eb432b804a87c9cdd66090,0.0
student_id_hash_d2a3041842334607b233fdc3e2720a58,0.0
student_id_hash_d3080baf660f4ea990d2e77699cca2ab,0.0
student_id_hash_d339713a35a24cee94e2bd968d0c5446,0.0
student_id_hash_d5a02798d58e4fb2a97caf151190da40,0.0
student_id_hash_d5ca0b342f4e4a38837f40c03100040e,0.0
student_id_hash_d6714169ad734e09a10e40aa933f066c,0.0
student_id_hash_d6bf4ae78ffb4d3482be638080777a9f,0.0
student_id_hash_d6cf1be3ee8c4cbeb744d89a1f50ff71,0.0
student_id_hash_d6d9fe5f76d94aadb6dc220b11e41179,0.0
student_id_hash_db1e769587e24f2693853913bd39f4ed,0.0
student_id_hash_db5a2e96e44d4676912df9ea6e18a10b,0.0
student_id_hash_db63c370cb9d479e96f6d6739623c55b,0.0
student_id_hash_db6a64075720410daba8fa559531d076,0.0
student_id_hash_dbfe2d0425ab40e6a41cc63a3e7b915a,0.0
student_id_hash_d82402a4eb2c445aaa24178551f92a38,0.0
student_id_hash_d86e2a2034444beaa91efaac68eeaf53,0.0
student_id_hash_d86fecb116b540f18588ad0466e3066e,0.0
student_id_hash_d8889ac258d44820b74096b3be05edac,0.0
student_id_hash_d8d6c94dbeb94ce3808465235707149c,0.0
student_id_hash_d96f0495d47e4258a467d6fca4e212d7,0.0
student_id_hash_d98bf3172c82490c8baa73b4f9e07339,0.0
student_id_hash_1fa7b5695f00424ea25986f36f8cb5d0,0.0
student_id_hash_106570e9b5984cb3a2a97e3b005983c4,0.0
student_id_hash_1067fda8185a4384b5af464b1a62b21a,0.0
student_id_hash_2053401d307349279345e25a2ed41a74,0.0
student_id_hash_df2f714d36024ae183c686b7f62cae03,0.0
student_id_hash_df56f210b20b4349906fcc17ada87dea,0.0
student_id_hash_e07fba83e644494a891b872a997ea528,0.0
student_id_hash_e0d9ae4ead8a4842a6cd9c05b5b90550,0.0
student_id_hash_e0e0462f47f3446cab41a0339f66763d,0.0
student_id_hash_e0fb883b6335452a9489d03102acdb82,0.0
student_id_hash_e17e41edc6f44bd7b61a7bfaf76ef781,0.0
student_id_hash_23779f25a7fe4be28a8ffa8a102b56e9,0.0
student_id_hash_23a475748d8f43db98a8dc1d3b2b55de,0.0
student_id_hash_d99f3d4f650c4b90b0fc8b8c5b209517,0.0
student_id_hash_d9fbe08f553d43bb9a5b7d633f421bfc,0.0
student_id_hash_da2b632d054748df8f8e6b1c79d59dc2,0.0
student_id_hash_da363e8d0d734c369c1d43b6e7510b14,0.0
student_id_hash_da7f72e7ec0e47f1812d38437529db27,0.0
student_id_hash_dabc032f534f403481a58f19a51b2496,0.0
student_id_hash_db08747bee9447aca1107f176354183a,0.0
student_id_hash_5a635be95e6442f184d012f88ae4320d,0.0
student_id_hash_5aebab6070d044699e7267abcc04f782,0.0
student_id_hash_4301fb37c119404587ae9e8d8652682e,0.0
student_id_hash_e46452e46b5548b489b7ab31394abaed,0.0
student_id_hash_e4a88d48f44f4d7dbcad268b2be0f5d1,0.0
student_id_hash_e4be1f217d6044fbb19a4f3a9fa42d64,0.0
student_id_hash_e4e2072414f6483696d39ac40794d94c,0.0
student_id_hash_e56f9427499142a3b69c16e83aa1b0e3,0.0
student_id_hash_e6175dddb8c74fd89a17a697aa85baaa,0.0
student_id_hash_e62d483c22ac44eda4e56cbb17ca1e11,0.0
student_id_hash_e64bb44560724013a16c4991954174de,0.0
student_id_hash_06cfca7bce9b46ec829908e366e5bdd3,0.0
student_id_hash_dcd27c30b8e24366890cff68a3d1cfd6,0.0
student_id_hash_dcf023cca7fc4bfc9d66608bff1520fb,0.0
student_id_hash_de15e97ade054da28cf82b57bb560790,0.0
student_id_hash_de381e5d3f1c4f51b375498b4749f308,0.0
student_id_hash_e2bc9035df564662ba11af1b17c36e90,0.0
student_id_hash_e2d0ea813f044678b02cfe9d4eb153ef,0.0
student_id_hash_e34d07751c48409793c2f0f321275b56,0.0
student_id_hash_e3831c08d00d4956a49dad23e01b261a,0.0
student_id_hash_5d12d3e769c8434a9c51e51b60473578,0.0
student_id_hash_5d43952c9c234908bd661c111e1716cb,0.0
student_id_hash_5d6d388dd887462eaa37dd2bffe41678,0.0
student_id_hash_5da49d033dc548c8b80b97eb6d2a348f,0.0
student_id_hash_5da9b34c293c469796aad5f081b5c5e9,0.0
student_id_hash_5f0c7ee9faf9430fa9b968330df0c83c,0.0
student_id_hash_5f857a395a73401a9a1e2be5bf4984fd,0.0
student_id_hash_5f99ca58c5d64139b87261a9c8ff6086,0.0
student_id_hash_600ddab4cad2443592d19d3119c67760,0.0
student_id_hash_59b3b2131d3a41bca302180e6c93a019,0.0
student_id_hash_59ba749b21f64b1c96799adc4de407aa,0.0
student_id_hash_5a5c312425704df5be5dc140f94d3903,0.0
student_id_hash_1def0ee7bb46409d8a2ae918a5d5a740,0.0
student_id_hash_1e33137efb244fee8ec3aa64ce538c8e,0.0
student_id_hash_1e7afd12ea624b7194f2cf08a0fc2182,0.0
student_id_hash_1ee8c3fdd8d74ea0aad3a69e2b567086,0.0
student_id_hash_e6504beda8bd4011af7daed0237780d4,0.0
student_id_hash_e6b54c961c24463c9ac501be33af42a3,0.0
student_id_hash_e766b26e364d46dd8c385bab91a49f0e,0.0
student_id_hash_e80ce3b899e74743b1489410fe2b1dbe,0.0
student_id_hash_e855daa8bb9f49119b36292cdf92ceef,0.0
student_id_hash_e9726bf314fa440c99008621581525d9,0.0
student_id_hash_ea58f07daf324013b65bf518bb74ac6d,0.0
student_id_hash_ea70533492f448558c5fda84e3a813fd,0.0
student_id_hash_eb4959b4c85848eea58c0d4620717641,0.0
student_id_hash_eb81bf98435d458aa5bb2f81bcb48b1b,0.0
student_id_hash_ec3101f93c3846ef8bee0b3f4f67c32c,0.0
student_id_hash_e292a5e101d8414e8a20754b1eb03819,0.0
student_id_hash_55ea3e6a514a48fb87e35938123c5a00,0.0
student_id_hash_efaea9d55cfc4601bcacdda603437166,0.0
student_id_hash_efd6c30c95c0443080740cf4d0310809,0.0
student_id_hash_eff2cc2e4a9e4ababfe5a5ef31b536d0,0.0
student_id_hash_f064fa4bc3fd465fbcbddea9e55c94d3,0.0
student_id_hash_f0822619785a4d7fa9c095b1739699a3,0.0
student_id_hash_f163c9f118fc4aaebada450fe798b648,0.0
student_id_hash_ec47c64696a041289e03d60d1137715b,0.0
student_id_hash_ec4aa0638ed44001994232af2aaa75c7,0.0
student_id_hash_1a5dee8c142342fbbedc869d8973b5fc,0.0
student_id_hash_1b3a4ceebac944b28494df3d19f8f450,0.0
student_id_hash_1b932cc3b99a41f182d86a3480dfdc5e,0.0
student_id_hash_1bf597d1126e49d08e9d1bb4e5a9e04b,0.0
student_id_hash_1ce9d3b9bb5e43ee8231b7cb16008a78,0.0
student_id_hash_1d9dd18146154d63ae3003f4ec3b7b2f,0.0
student_id_hash_1dc348e2ac6a40339fcdcbe2f2431a36,0.0
student_id_hash_ecab0e23d8c041c8957a39d36defb5bd,0.0
student_id_hash_ed0ab14fd3624ce3b06745edd67376ca,0.0
student_id_hash_ee040f5f09044638b5f55823911ab435,0.0
student_id_hash_ef07e1ab59bd482f99c0e784e0c06202,0.0
student_id_hash_4486149daefb412eaf26a0587756306f,0.0
student_id_hash_452f5d50040249bd86b1803140b4cc1e,0.0
student_id_hash_454ef02700274be4b9679e82bbd7ac19,0.0
student_id_hash_468bd9cc20834ec5af41949bccafec05,0.0
student_id_hash_46db086ed788454592be0bb14ac86a91,0.0
student_id_hash_470bcdb93b4b47e3bbb1273b7ac5d887,0.0
student_id_hash_478b9df8c2ed42cdb8ec4c867fece16b,0.0
student_id_hash_4799c760f6f14966a245ce2b63cb2362,0.0
student_id_hash_539da449d6224ed38368f05ab8234b57,0.0
student_id_hash_543d20119b4142daa90e1f0cf1a62a50,0.0
student_id_hash_5533c1dd541340718ac3c5fa5b7e180b,0.0
student_id_hash_55a2f84292d145fd92e57347f8de6888,0.0
student_id_hash_197230c596a04e3ba9bab8ec1548a179,0.0
student_id_hash_f2a3bb1b51a24ccd9e135f2909e4f96d,0.0
student_id_hash_f2d4e382fd4b443b803c91b03ba5101a,0.0
student_id_hash_f3bee6bff1834fc48ef25be2613fb234,0.0
student_id_hash_f455f87b77bb42fea06c57256b09589c,0.0
student_id_hash_f5092f1c8d294f8988f527f46ab9af58,0.0
student_id_hash_f5494b05c21b47ee94577007fdf76db8,0.0
student_id_hash_f54b3d80728642b6ae0ab992542ddfca,0.0
student_id_hash_4b582314bb35442d8af81cbdd5b0c6b3,0.0
student_id_hash_f5532e9f2cee4565b97ebf9ce360e674,0.0
student_id_hash_f554c90724374002a424ae0f3ae41216,0.0
student_id_hash_f745a29ccd32402cb3ec2dfd10d8ac99,0.0
student_id_hash_f766bc485487460f98e2ad5bc751030c,0.0
student_id_hash_f7936842223a4014ab6dcdb878a5e556,0.0
student_id_hash_f79fddd6a4bc4e458a3e02807c702297,0.0
student_id_hash_1f51bf220d7141d6918d8833433b2d42,0.0
student_id_hash_ffb09005356c4eae8e517be2ba2a9d03,0.0
student_id_hash_ffb5c29b952445fa9cd4f1c4abc273b0,0.0
student_id_hash_12c4d39ecec64b32b767b55fcd537066,0.0
student_id_hash_12ce0a35caff4eeda28686902b2aaf40,0.0
student_id_hash_f7cdc9be7c754fb0816917f41069563a,0.0
student_id_hash_f837243f513446ff91d51b20a283f2a5,0.0
student_id_hash_f879027fe85d426e8d2ba2f053aa5d52,0.0
student_id_hash_f95320ce81384d82a357a6a3e7d1091a,0.0
student_id_hash_fa3cc18976a6418f8f84c97740f359f1,0.0
student_id_hash_1739c9522c69417a9652cc598d54ce49,0.0
student_id_hash_17ab2f93c5ba42c4a630caa8a3a837af,0.0
student_id_hash_17e83e1e6b694e26b4d6dc035e899cc0,0.0
student_id_hash_182bb06ade3f4d12b397a60a0a582322,0.0
student_id_hash_1863d4322d24474ba49e7ece1af191d0,0.0
student_id_hash_189f86e6140a4d65ad58fcb50bb8b4ab,0.0
student_id_hash_18a287273f0e483ebc9048a43a733703,0.0
student_id_hash_1667cdb33f574e91b504ce78d247e254,0.0
student_id_hash_16d7e8aca87d44338fc8e91fc11fb910,0.0
student_id_hash_16e8340188e54537983f783256540346,0.0
student_id_hash_ffef32567b694d998f3f8cd0d63601df,0.0
student_id_hash_0e12e5360a6c47989d92e445107425e8,0.0
student_id_hash_0edf678c4b574fcf8bbad5c3fb8e3c03,0.0
student_id_hash_0ef7eb531c22445f94687c08f4e01fa1,0.0
student_id_hash_0f91f9ac567845e9a8a2238a02f529ef,0.0
student_id_hash_49c83a710a934d32b2ab1ed59fcfb7bf,0.0
student_id_hash_fab7959b475f4f248168d26327ea826f,0.0
student_id_hash_fad84ab2126f4dbab082c8b336e6b8ec,0.0
student_id_hash_fb45db132fe447449e39e9cb8e8ea487,0.0
student_id_hash_fc144e3ed0f04ba685742f3960e9d0ea,0.0
student_id_hash_fc9c5460c7ed4348b636275695f41af3,0.0
student_id_hash_ff1ad329d04b4faa9032705d44459e46,0.0
student_id_hash_06f34371856340eeb0784008ea94236f,0.0
student_id_hash_039586ee6ab545ff94f0d189e8b72dd8,0.0
student_id_hash_03b81d49a6e549a68894654ed14bb2c3,0.0
student_id_hash_124ff02bb0104b6bbe92835bc35334e7,0.0
student_id_hash_1289f1e1b792422f83ac6e339ade4ae0,0.0
student_id_hash_12c1ca5744c7457fab0b7f35fc57a5aa,0.0
student_id_hash_08c20ede96cd4e4989f718069f8df391,0.0
student_id_hash_090e94399c7746d7bcc5fa7d22a8de02,0.0
student_id_hash_097220a4b0284263b6de6c9b3f07aaba,0.0
student_id_hash_09b9283a9c12413ba827486c8b6c2f92,0.0
student_id_hash_0a9364b92f5147729be06ce44bae801c,0.0
student_id_hash_1305e5bc95904356aea3a515b4203acf,0.0
student_id_hash_137a1e6506d54808a6af0ecd0d921e1c,0.0
student_id_hash_137bbec7cf874188aa7989e2959747a3,0.0
student_id_hash_13fbbcf2283c4a7b8d441fb39e74ebc3,0.0
student_id_hash_14352fc0417b4ddc964573c9a426a23a,0.0
student_id_hash_1488f86853b14ff186b99ed55ecb8a8b,0.0
student_id_hash_4a24293c407046478b77a143b42cf69a,0.0
student_id_hash_5137f20b7f9a4742b29b9d687b21e859,0.0
student_id_hash_514b86ed663c462fabb289df83952f34,0.0
student_id_hash_52de787065a54fb29a5ae2d6b95954aa,0.0
student_id_hash_07426d80ccd94d8fae282d0e3a89e23b,0.0
student_id_hash_0742fef0432b440d85bd623bcc2ef9bb,0.0
missing_count,0.0
student_id_hash_0035b6347cf3472bb89f3b880ce8993e,0.0
student_id_hash_00472a2054d449e9bbbfa84fbe33f334,0.0
student_id_hash_0077fc0c31164d3a891d47e633d2683b,0.0
student_id_hash_040cd0e478494a028cc2976728d5fd7c,0.0
student_id_hash_05309fff0e7f42c9a8400457e2e58905,0.0
student_id_hash_055ef137312d46b3a6d239e1f2f25359,0.0
student_id_hash_05c47355efa9471ab5bad2c6358e03a3,0.0
student_id_hash_06c511339e8b4eabbddf193ea76d1385,0.0
student_id_hash_0700e0ef9de24bd1bfa3b5c4e207e65e,0.0
student_id_hash_4a6c1f7787b54ae097a0900df51ef39b,0.0
student_id_hash_114c2f8e312e47d989be8bc581c3c24c,0.0
student_id_hash_11b3783168fc4774bfeeb540e22a0ee5,0.0
student_id_hash_11c468a3881d4c8aab2fa75a6933ac80,0.0
student_id_hash_5623063ee18d465e90e273f69854467f,0.0
student_id_hash_5643a1ded5124b0183744ecab249b50b,0.0
student_id_hash_5746fadea5bf40c5b4b32b4bad48e667,0.0
student_id_hash_57625525c085417d835721eb9b51d81e,0.0
student_id_hash_57c24afe5c5a444f8d71540e9261726c,0.0
student_id_hash_57c5c2c5575e4f30b3facbdd88e10ff6,0.0
student_id_hash_58905503e9b947c5aa9cd432ad291d5e,0.0
student_id_hash_58d7ae88a4604a3f8f8fd7c24f23a414,0.0
student_id_hash_59a3871437344fdcbd942b475ca290d0,0.0
student_id_hash_0d054f18ea2041f796dd5dbed296c2c9,0.0
student_id_hash_0d23a203a42c48588d97bab33ed1cbb2,0.0
student_id_hash_03327e00ea254f928165baea921d2f70,0.0
